iter	Logloss
0	0.6786018578
1	0.664973474
2	0.6515150123
3	0.6382648362
4	0.6260310218
5	0.6124917353
6	0.6009839762
7	0.5897877986
8	0.5787190381
9	0.568172918
10	0.5579023004
11	0.5478070241
12	0.5377067386
13	0.528290229
14	0.5193053789
15	0.5105638834
16	0.5019810254
17	0.4937464466
18	0.4855087922
19	0.4772567504
20	0.4697785185
21	0.4623666316
22	0.4546014977
23	0.4476811728
24	0.4409431539
25	0.4337643903
26	0.4276052049
27	0.4209457929
